Workbook

Sheet Permissions
A1: Clinic user permissions — full list
A2: Draft for review · 28 October 2026 · Each colour is one module. Role columns show default access: Own = user’s own sessions · Assigned = clients and therapists assigned to the user · Clinic = whole clinic · — = not granted. Status: Agreed = in PRD, agreed flows or FSD · Pending = raised, not confirmed · Proposed = suggested to close a gap.
A4: ID | B4: Module | C4: Permission | D4: What it allows | E4: Level | F4: Therapist | G4: Supervisor (BCBA) | H4: Org Admin | I4: Scheduler (pending) | J4: Contains PHI | K4: Admin access (MFA mandatory) | L4: Password re-entry | M4: Audit logged | N4: Depends on | O4: Status | P4: Source
A5: My account · 5 permissions
A6: ACC-01 | B6: My account | C6: Log in and log out | D6: Sign in with email and password; sign out | E6: Always on | F6: Own | G6: Own | H6: Own | I6: Own | J6: No | K6: No | L6: No | M6: Yes | N6: — | O6: Agreed | P6: FSD v0.3 S5; PRD 8.1
A7: ACC-02 | B7: My account | C7: Change or reset own password | D7: Set a new password at first login; reset through Forgot password | E7: Always on | F7: Own | G7: Own | H7: Own | I7: Own | J7: No | K7: No | L7: No | M7: Yes | N7: — | O7: Agreed | P7: FSD v0.3 S6, S8
A8: ACC-03 | B8: My account | C8: Enter email code at login | D8: Complete MFA when required for the user | E8: Always on | F8: Own | G8: Own | H8: Own | I8: Own | J8: No | K8: No | L8: No | M8: Yes | N8: MFA on for the user | O8: Agreed | P8: FSD v0.3 S7, BR-11
A9: ACC-04 | B9: My account | C9: View own notifications | D9: Reminders, supervisor notes and tasks, alerts addressed to the user | E9: Always on | F9: Own | G9: Own | H9: Own | I9: Own | J9: Yes | K9: No | L9: No | M9: No | N9: — | O9: Agreed | P9: Therapist flow draft; PRD 8.6
A10: ACC-05 | B10: My account | C10: View own profile and permissions | D10: See own details, role and the modules granted | E10: Always on | F10: Own | G10: Own | H10: Own | I10: Own | J10: No | K10: No | L10: No | M10: No | N10: — | O10: Proposed | P10: Not yet in flows
A11: Dashboard · 4 permissions
A12: DSH-01 | B12: Dashboard | C12: View therapist dashboard | D12: Today’s sessions, pending items, summaries ready, notes and tasks from the supervisor | E12: View | F12: Own | G12: — | H12: — | I12: — | J12: Yes | K12: No | L12: No | M12: No | N12: — | O12: Agreed | P12: Therapist flow; PRD 8.7
A13: DSH-02 | B13: Dashboard | C13: View caseload dashboard | D13: Caseload overview, flagged sessions, trend summaries | E13: View | F13: — | G13: Assigned | H13: — | I13: — | J13: Yes | K13: No | L13: No | M13: No | N13: — | O13: Agreed | P13: Supervisor flow D-013; PRD 8.7
A14: DSH-03 | B14: Dashboard | C14: View organization dashboard | D14: Active users, active clients, locations, pending actions, license use | E14: View | F14: — | G14: — | H14: Clinic | I14: — | J14: No | K14: No | L14: No | M14: No | N14: — | O14: Agreed | P14: PRD 8.7
A15: DSH-04 | B15: Dashboard | C15: View trends with detail on hover | D15: Trend charts by default; exact values shown on hover | E15: View | F15: Own | G15: Assigned | H15: — | I15: — | J15: Yes | K15: No | L15: No | M15: No | N15: — | O15: Agreed | P15: Review meeting 22 Oct
A16: Sessions · 20 permissions
A17: SES-01 | B17: Sessions | C17: View session schedule | D17: See scheduled sessions and their status | E17: View | F17: Own | G17: Assigned | H17: Clinic | I17: Clinic | J17: Yes | K17: No | L17: No | M17: No | N17: — | O17: Agreed | P17: PRD 8.2
A18: SES-02 | B18: Sessions | C18: Create a session | D18: Schedule a session for a client and therapist | E18: Edit | F18: — | G18: Assigned | H18: Clinic | I18: Clinic | J18: Yes | K18: No | L18: No | M18: Yes | N18: — | O18: Pending | P18: Review meeting 22 Oct: Scheduler or BCBA to be confirmed
A19: SES-03 | B19: Sessions | C19: Reschedule or edit a session | D19: Change date, time, therapist or session type | E19: Edit | F19: — | G19: Assigned | H19: Clinic | I19: Clinic | J19: Yes | K19: No | L19: No | M19: Yes | N19: — | O19: Pending | P19: As SES-02
A20: SES-04 | B20: Sessions | C20: Cancel a session or mark a no-show | D20: With a reason; nothing is sent to the AI vendor | E20: Edit | F20: Own | G20: Assigned | H20: Clinic | I20: Clinic | J20: Yes | K20: No | L20: No | M20: Yes | N20: — | O20: Agreed | P20: Therapist flow D-017
A21: SES-05 | B21: Sessions | C21: Bulk import sessions (CSV) | D21: Upload a schedule file, fix errors, confirm | E21: Edit | F21: — | G21: — | H21: Clinic | I21: Clinic | J21: Yes | K21: No | L21: No | M21: Yes | N21: — | O21: Agreed | P21: PRD 8.2; Org Admin flow D-014
A22: SES-06 | B22: Sessions | C22: Start an in-person session | D22: Starts monitoring; wearable and audio device linked | E22: Edit | F22: Own | G22: — | H22: — | I22: — | J22: Yes | K22: No | L22: No | M22: Yes | N22: Valid consent; current assessment | O22: Agreed | P22: Therapist flow
A23: SES-07 | B23: Sessions | C23: Start an online session | D23: Sends the parent a guest link; call recorded automatically | E23: Edit | F23: Own | G23: — | H23: — | I23: — | J23: Yes | K23: No | L23: No | M23: Yes | N23: Telehealth enabled on license; consent | O23: Agreed | P23: Therapist flow; PRD 17
A24: SES-08 | B24: Sessions | C24: Pause and resume a session | D24: Pause is marked in the timeline; alert after the set time | E24: Edit | F24: Own | G24: — | H24: — | I24: — | J24: No | K24: No | L24: No | M24: Yes | N24: — | O24: Agreed | P24: Therapist flow draft 18 Oct
A25: SES-09 | B25: Sessions | C25: Pause and resume the call recording | D25: Online sessions only; call continues | E25: Edit | F25: Own | G25: — | H25: — | I25: — | J25: No | K25: No | L25: No | M25: Yes | N25: Online session | O25: Agreed | P25: Therapist flow 15 Oct
A26: SES-10 | B26: Sessions | C26: End a session | D26: Manual end; the system also ends it at window close | E26: Edit | F26: Own | G26: — | H26: — | I26: — | J26: No | K26: No | L26: No | M26: Yes | N26: — | O26: Agreed | P26: Therapist flow
A27: SES-11 | B27: Sessions | C27: Tick checklist items | D27: Time-stamped; items cannot be added or removed | E27: Edit | F27: Own | G27: — | H27: — | I27: — | J27: Yes | K27: No | L27: No | M27: Yes | N27: — | O27: Agreed | P27: Therapist flow D-017
A28: SES-12 | B28: Sessions | C28: Add notes, observations and markers | D28: Typed on screen during the session | E28: Edit | F28: Own | G28: — | H28: — | I28: — | J28: Yes | K28: No | L28: No | M28: Yes | N28: — | O28: Agreed | P28: PRD 8.3; review meeting 22 Oct
... A36: SES-20 | B36: Sessions | C36: Watch a live session in progress | D36: Supervisor view of an ongoing session | E36: View | F36: — | G36: — | H36: — | I36: — | J36: Yes | K36: No | L36: No | M36: Yes | N36: — | O36: Proposed | P36: Not yet in flows
A37: Summaries · 4 permissions
A38: SUM-01 | B38: Summaries | C38: View AI summary | D38: Visible as soon as it is generated | E38: View | F38: Own | G38: Assigned | H38: — | I38: — | J38: Yes | K38: No | L38: No | M38: No | N38: — | O38: Agreed | P38: Therapist flow draft 15 Oct
A39: SUM-02 | B39: Summaries | C39: Add therapist note to the summary | D39: The summary itself cannot be edited | E39: Edit | F39: Own | G39: — | H39: — | I39: — | J39: Yes | K39: No | L39: No | M39: Yes | N39: — | O39: Agreed | P39: Therapist flow draft 15 Oct
A40: SUM-03 | B40: Summaries | C40: Retry summary generation | D40: After a failure or timeout | E40: Edit | F40: Own | G40: — | H40: — | I40: — | J40: Yes | K40: No | L40: No | M40: Yes | N40: — | O40: Agreed | P40: PRD 8.8
A41: SUM-04 | B41: Summaries | C41: Write the summary manually | D41: Only when generation keeps failing; labeled as written by the therapist | E41: Edit | F41: Own | G41: — | H41: — | I41: — | J41: Yes | K41: No | L41: No | M41: Yes | N41: — | O41: Agreed | P41: Therapist flow draft 15 Oct
A42: Supervision · 7 permissions
A43: SPV-01 | B43: Supervision | C43: View flagged sessions | D43: Sessions with alerts, most alerts first | E43: View | F43: — | G43: Assigned | H43: — | I43: — | J43: Yes | K43: No | L43: No | M43: No | N43: — | O43: Agreed | P43: Supervisor flow D-013
A44: SPV-02 | B44: Supervision | C44: Compare sessions side by side | D44: Across sessions of a client | E44: View | F44: — | G44: Assigned | H44: — | I44: — | J44: Yes | K44: No | L44: No | M44: No | N44: — | O44: Agreed | P44: PRD 8.8
A45: SPV-03 | B45: Supervision | C45: Mark a session reviewed | D45: Logged for audit | E45: Edit | F45: — | G45: Assigned | H45: — | I45: — | J45: Yes | K45: No | L45: No | M45: Yes | N45: — | O45: Agreed | P45: Supervisor flow D-013
A46: SPV-04 | B46: Supervision | C46: Add a note or task for a therapist | D46: Sent to the therapist’s dashboard | E46: Edit | F46: — | G46: Assigned | H46: — | I46: — | J46: Yes | K46: No | L46: No | M46: Yes | N46: — | O46: Agreed | P46: Supervisor flow D-013
A47: SPV-05 | B47: Supervision | C47: Remind a therapist | D47: About pending items | E47: Edit | F47: — | G47: Assigned | H47: — | I47: — | J47: No | K47: No | L47: No | M47: Yes | N47: — | O47: Agreed | P47: Supervisor flow D-013
A48: SPV-06 | B48: Supervision | C48: Approve clinical documentation | D48: Where permitted | E48: Edit | F48: — | G48: Assigned | H48: — | I48: — | J48: Yes | K48: No | L48: No | M48: Yes | N48: — | O48: Pending | P48: Open question Q-19
A49: SPV-07 | B49: Supervision | C49: View notes and tasks from the supervisor | D49: Shown on the therapist dashboard | E49: View | F49: Own | G49: — | H49: — | I49: — | J49: Yes | K49: No | L49: No | M49: No | N49: — | O49: Agreed | P49: Therapist flow D-017
A50: Clients · 8 permissions
A51: CLI-01 | B51: Clients | C51: View client list and profiles | D51: Client details and status | E51: View | F51: Assigned | G51: Assigned | H51: Clinic | I51: Clinic | J51: Yes | K51: No | L51: No | M51: No | N51: — | O51: Agreed | P51: PRD 8.2, 8.9
A52: CLI-02 | B52: Clients | C52: Create a client | D52: Profile and location | E52: Edit | F52: — | G52: — | H52: Clinic | I52: — | J52: Yes | K52: No | L52: No | M52: Yes | N52: — | O52: Agreed | P52: Org Admin flow D-014; PRD 8.9
A53: CLI-03 | B53: Clients | C53: Edit a client profile | D53: Change details and status | E53: Edit | F53: — | G53: — | H53: Clinic | I53: — | J53: Yes | K53: No | L53: No | M53: Yes | N53: — | O53: Agreed | P53: PRD 8.9
A54: CLI-04 | B54: Clients | C54: Archive a client | D54: Hidden from active work; never deleted | E54: Edit | F54: — | G54: — | H54: Clinic | I54: — | J54: Yes | K54: No | L54: Proposed | M54: Yes | N54: — | O54: Agreed | P54: PRD 8.2, 8.9
A55: CLI-05 | B55: Clients | C55: Restore an archived client | D55: Back into active work | E55: Edit | F55: — | G55: — | H55: Clinic | I55: — | J55: Yes | K55: No | L55: No | M55: Yes | N55: — | O55: Agreed | P55: PRD 8.9
A56: CLI-06 | B56: Clients | C56: View archived clients | D56: For permitted historical review | E56: View | F56: — | G56: Assigned | H56: Clinic | I56: — | J56: Yes | K56: No | L56: No | M56: No | N56: — | O56: Agreed | P56: PRD 8.2
A57: CLI-07 | B57: Clients | C57: Assign or reassign the care team | D57: Therapist and supervisor; one by one or in bulk | E57: Edit | F57: — | G57: — | H57: Clinic | I57: — | J57: Yes | K57: No | L57: No | M57: Yes | N57: — | O57: Agreed | P57: PRD 8.9
A58: CLI-08 | B58: Clients | C58: Bulk import clients (CSV) | D58: Upload, fix errors, confirm | E58: Edit | F58: — | G58: — | H58: Clinic | I58: — | J58: Yes | K58: No | L58: No | M58: Yes | N58: — | O58: Agreed | P58: Clinic onboarding flow D-018
A59: Assessments · 4 permissions
A60: ASM-01 | B60: Assessments | C60: View assessments and scores | D60: Latest and earlier assessments | E60: View | F60: Assigned | G60: Assigned | H60: — | I60: — | J60: Yes | K60: No | L60: No | M60: No | N60: — | O60: Agreed | P60: Therapist flow draft
A61: ASM-02 | B61: Assessments | C61: Upload assessment report and key scores | D61: VB-MAPP, ABLLS-R or Vineland results | E61: Edit | F61: Assigned | G61: Assigned | H61: — | I61: — | J61: Yes | K61: No | L61: No | M61: Yes | N61: — | O61: Agreed | P61: Therapist flow draft 15 Oct
A62: ASM-03 | B62: Assessments | C62: Select the assessment type for a client | D62: Chosen at client setup, not at each session | E62: Edit | F62: — | G62: Assigned | H62: Clinic | I62: — | J62: Yes | K62: No | L62: No | M62: Yes | N62: — | O62: Pending | P62: Review meeting 22 Oct; owner to be confirmed
A63: ASM-04 | B63: Assessments | C63: Correct or replace an assessment entry | D63: Fix a wrong upload or score | E63: Edit | F63: — | G63: Assigned | H63: — | I63: — | J63: Yes | K63: No | L63: No | M63: Yes | N63: — | O63: Proposed | P63: Not yet in flows
A64: Consent · 4 permissions
A65: CON-01 | B65: Consent | C65: View consent status and records | D65: Each consent item and its validity | E65: View | F65: Assigned | G65: Assigned | H65: Clinic | I65: — | J65: Yes | K65: No | L65: No | M65: No | N65: — | O65: Agreed | P65: PRD 8.12
A66: CON-02 | B66: Consent | C66: Record signed consent | D66: Upload the signed form, once per patient | E66: Edit | F66: Assigned | G66: — | H66: Clinic | I66: — | J66: Yes | K66: No | L66: No | M66: Yes | N66: — | O66: Agreed | P66: Therapist flow D-017
A67: CON-03 | B67: Consent | C67: Renew an expired consent item | D67: New signed form for that item | E67: Edit | F67: Assigned | G67: — | H67: Clinic | I67: — | J67: Yes | K67: No | L67: No | M67: Yes | N67: — | O67: Agreed | P67: Therapist flow draft 18 Oct
A68: CON-04 | B68: Consent | C68: Record consent withdrawal | D68: With the date; stops later sessions | E68: Edit | F68: Assigned | G68: — | H68: Clinic | I68: — | J68: Yes | K68: No | L68: No | M68: Yes | N68: — | O68: Agreed | P68: PRD 8.12; therapist flow
A69: Devices · 2 permissions
A70: DEV-01 | B70: Devices | C70: View the clinic’s devices | D70: Wearables and audio devices registered by BEST, with status | E70: View | F70: — | G70: — | H70: Clinic | I70: — | J70: No | K70: No | L70: No | M70: No | N70: — | O70: Proposed | P70: Not yet in flows
A71: DEV-02 | B71: Devices | C71: Assign a device to a client or session | D71: Link or unlink a device | E71: Edit | F71: Own | G71: — | H71: Clinic | I71: — | J71: No | K71: No | L71: No | M71: Yes | N71: — | O71: Proposed | P71: Not yet in flows
A72: Reports · 4 permissions
A73: RPT-01 | B73: Reports | C73: View client trend reports | D73: Trends across a client’s sessions | E73: View | F73: — | G73: Assigned | H73: — | I73: — | J73: Yes | K73: No | L73: No | M73: No | N73: — | O73: Agreed | P73: FSD v0.3 role defaults
A74: RPT-02 | B74: Reports | C74: View therapist and caseload reports | D74: Activity across the caseload | E74: View | F74: — | G74: Assigned | H74: — | I74: — | J74: Yes | K74: No | L74: No | M74: No | N74: — | O74: Agreed | P74: FSD v0.3 role defaults
A75: RPT-03 | B75: Reports | C75: View organization usage reports | D75: Users, clients, sessions, license use | E75: View | F75: — | G75: — | H75: Clinic | I75: — | J75: No | K75: No | L75: No | M75: No | N75: — | O75: Agreed | P75: PRD 8.7
A76: RPT-04 | B76: Reports | C76: Export reports | D76: PDF or CSV | E76: Edit | F76: — | G76: — | H76: — | I76: — | J76: Yes | K76: No | L76: Proposed | M76: Yes | N76: — | O76: Proposed | P76: Not yet in flows
A77: Users & roles · 11 permissions
A78: USR-01 | B78: Users & roles | C78: View the user list and active-user count | D78: Users, roles, status, last login | E78: View | F78: — | G78: — | H78: Clinic | I78: — | J78: No | K78: Yes | L78: No | M78: No | N78: — | O78: Agreed | P78: FSD v0.3 S1
A79: USR-02 | B79: Users & roles | C79: Create a user | D79: Details, one role, welcome email | E79: Edit | F79: — | G79: — | H79: Clinic | I79: — | J79: No | K79: Yes | L79: When admin access is given | M79: Yes | N79: Active-user limit | O79: Agreed | P79: FSD v0.3 S2–S3
A80: USR-03 | B80: Users & roles | C80: Give a user admin access | D80: View or Edit on Users & roles or Clinic settings | E80: Edit | F80: — | G80: — | H80: Clinic | I80: — | J80: No | K80: Yes | L80: Yes | M80: Yes | N80: — | O80: Agreed | P80: FSD v0.3 BR-18
A81: USR-04 | B81: Users & roles | C81: Turn MFA on or off for a non-admin user | D81: Off by default | E81: Edit | F81: — | G81: — | H81: Clinic | I81: — | J81: No | K81: Yes | L81: No | M81: Yes | N81: — | O81: Agreed | P81: FSD v0.3 S3, BR-11
A82: USR-05 | B82: Users & roles | C82: Edit a user’s details or role | D82: After creation; permissions come from the role | E82: Edit | F82: — | G82: — | H82: Clinic | I82: — | J82: No | K82: Yes | L82: Proposed | M82: Yes | N82: — | O82: Agreed | P82: PRD 8.9 (out of FSD v0.3 scope)
A83: USR-06 | B83: Users & roles | C83: Deactivate a user | D83: Blocks login; stops counting as an active user | E83: Edit | F83: — | G83: — | H83: Clinic | I83: — | J83: No | K83: Yes | L83: Yes | M83: Yes | N83: — | O83: Agreed | P83: FSD v0.3 S9, BR-18
A84: USR-07 | B84: Users & roles | C84: Reactivate a user | D84: If the active-user limit allows | E84: Edit | F84: — | G84: — | H84: Clinic | I84: — | J84: No | K84: Yes | L84: No | M84: Yes | N84: Active-user limit | O84: Agreed | P84: FSD v0.3 S9
A85: USR-08 | B85: Users & roles | C85: Re-send the welcome email | D85: New temporary password | E85: Edit | F85: — | G85: — | H85: Clinic | I85: — | J85: No | K85: Yes | L85: No | M85: Yes | N85: — | O85: Agreed | P85: FSD v0.3 BR-09
A86: USR-09 | B86: Users & roles | C86: Create a custom role | D86: Name, description, permissions; blank or copied from an existing role | E86: Edit | F86: — | G86: — | H86: Clinic | I86: — | J86: No | K86: Yes | L86: When the role has admin modules | M86: Yes | N86: — | O86: Agreed | P86: FSD v0.3 S4, BR-18
A87: USR-10 | B87: Users & roles | C87: Edit or retire a custom role | D87: Edits apply to every user holding the role; a role in use cannot be retired | E87: Edit | F87: — | G87: — | H87: Clinic | I87: — | J87: No | K87: Yes | L87: When the role has admin modules | M87: Yes | N87: — | O87: Agreed | P87: FSD v0.3 S4, S12; BR-23, BR-24
A88: USR-11 | B88: Users & roles | C88: View role definitions | D88: Predefined and custom roles with their modules (S12) | E88: View | F88: — | G88: — | H88: Clinic | I88: — | J88: No | K88: Yes | L88: No | M88: No | N88: — | O88: Agreed | P88: FSD v0.3 2.2, S12
A89: Clinic settings · 9 permissions
A90: SET-01 | B90: Clinic settings | C90: View clinic settings | D90: All settings below, read only | E90: View | F90: — | G90: — | H90: Clinic | I90: — | J90: No | K90: Yes | L90: No | M90: No | N90: — | O90: Agreed | P90: PRD 8.9
A91: SET-02 | B91: Clinic settings | C91: Edit organization profile and time zone | D91: Name, contacts, time zone | E91: Edit | F91: — | G91: — | H91: Clinic | I91: — | J91: No | K91: Yes | L91: No | M91: Yes | N91: — | O91: Agreed | P91: PRD 8.9
A92: SET-03 | B92: Clinic settings | C92: Manage locations | D92: Add, edit, close a location | E92: Edit | F92: — | G92: — | H92: Clinic | I92: — | J92: No | K92: Yes | L92: No | M92: Yes | N92: — | O92: Agreed | P92: PRD 8.9
A93: SET-04 | B93: Clinic settings | C93: Manage clinic fields for user creation | D93: Text, number, date or dropdown; optional or mandatory | E93: Edit | F93: — | G93: — | H93: Clinic | I93: — | J93: No | K93: Yes | L93: No | M93: Yes | N93: — | O93: Agreed | P93: FSD v0.3 S2
A94: SET-05 | B94: Clinic settings | C94: Manage clinic consent items | D94: Add consents on top of BEST’s default set | E94: Edit | F94: — | G94: — | H94: Clinic | I94: — | J94: No | K94: Yes | L94: No | M94: Yes | N94: — | O94: Pending | P94: Therapist flow draft 15 Oct (with client)
A95: SET-06 | B95: Clinic settings | C95: Set the assessment validity period | D95: Default 6 months | E95: Edit | F95: — | G95: — | H95: Clinic | I95: — | J95: No | K95: Yes | L95: No | M95: Yes | N95: — | O95: Pending | P95: Therapist flow draft 15 Oct (with client)
A96: SET-07 | B96: Clinic settings | C96: Set session defaults | D96: For example default session length | E96: Edit | F96: — | G96: — | H96: Clinic | I96: — | J96: No | K96: Yes | L96: No | M96: Yes | N96: — | O96: Agreed | P96: PRD 8.9
A97: SET-08 | B97: Clinic settings | C97: Set notification preferences | D97: Which reminders and notices are sent | E97: Edit | F97: — | G97: — | H97: Clinic | I97: — | J97: No | K97: Yes | L97: No | M97: Yes | N97: — | O97: Agreed | P97: PRD 8.9
A98: SET-09 | B98: Clinic settings | C98: View license details | D98: Plan, active-user limit, end date, enabled features | E98: View | F98: — | G98: — | H98: Clinic | I98: — | J98: No | K98: Yes | L98: No | M98: No | N98: — | O98: Agreed | P98: PRD 8.7, 8.11
A99: Audit log · 2 permissions
A100: AUD-01 | B100: Audit log | C100: View the audit log | D100: Logins, user and role changes, consent and client changes | E100: View | F100: — | G100: — | H100: Clinic | I100: — | J100: Yes | K100: No | L100: No | M100: No | N100: — | O100: Agreed | P100: FSD v0.3 Section 10
A101: AUD-02 | B101: Audit log | C101: Export the audit log | D101: CSV | E101: Edit | F101: — | G101: — | H101: — | I101: — | J101: Yes | K101: No | L101: Proposed | M101: Yes | N101: — | O101: Proposed | P101: Not yet in flows
A102: Support access · 2 permissions
A103: SUP-01 | B103: Support access | C103: Approve or decline BEST support access | D103: Second approval for time-bound access to clinical data | E103: Edit | F103: — | G103: — | H103: Clinic | I103: — | J103: Yes | K103: Proposed | L103: Proposed | M103: Yes | N103: — | O103: Agreed | P103: PRD 8.10; back-office flow D-015
A104: SUP-02 | B104: Support access | C104: View support access history | D104: Requests, approvals, expiry | E104: View | F104: — | G104: — | H104: Clinic | I104: — | J104: No | K104: No | L104: No | M104: No | N104: — | O104: Agreed | P104: PRD 8.10

Sheet Role summary
A1: Default permissions per role, by module
A2: Counts of permissions each role gets by default (anything other than —). Updates when the Permissions sheet changes.
A4: Module | B4: Permissions | C4: Therapist | D4: Supervisor (BCBA) | E4: Org Admin | F4: Scheduler (pending) | G4: Admin access module
A5: My account | B5: =COUNTIF(Permissions!$B$5:$B$500,$A5) -> 5 | C5: =COUNTIFS(Permissions!$B$5:$B$500,$A5,Permissions!$F$5:$F$500,"<>—") -> 5 | D5: =COUNTIFS(Permissions!$B$5:$B$500,$A5,Permissions!$G$5:$G$500,"<>—") -> 5 | E5: =COUNTIFS(Permissions!$B$5:$B$500,$A5,Permissions!$H$5:$H$500,"<>—") -> 5 | F5: =COUNTIFS(Permissions!$B$5:$B$500,$A5,Permissions!$I$5:$I$500,"<>—") -> 5 | G5: =IF(COUNTIFS(Permissions!$B$5:$B$500,$A5,Permissions!$K$5:$K$500,"Yes")>0,"Yes","No") -> No
A6: Dashboard | B6: =COUNTIF(Permissions!$B$5:$B$500,$A6) -> 4 | C6: =COUNTIFS(Permissions!$B$5:$B$500,$A6,Permissions!$F$5:$F$500,"<>—") -> 2 | D6: =COUNTIFS(Permissions!$B$5:$B$500,$A6,Permissions!$G$5:$G$500,"<>—") -> 2 | E6: =COUNTIFS(Permissions!$B$5:$B$500,$A6,Permissions!$H$5:$H$500,"<>—") -> 1 | F6: =COUNTIFS(Permissions!$B$5:$B$500,$A6,Permissions!$I$5:$I$500,"<>—") -> 0 | G6: =IF(COUNTIFS(Permissions!$B$5:$B$500,$A6,Permissions!$K$5:$K$500,"Yes")>0,"Yes","No") -> No
A7: Sessions | B7: =COUNTIF(Permissions!$B$5:$B$500,$A7) -> 20 | C7: =COUNTIFS(Permissions!$B$5:$B$500,$A7,Permissions!$F$5:$F$500,"<>—") -> 15 | D7: =COUNTIFS(Permissions!$B$5:$B$500,$A7,Permissions!$G$5:$G$500,"<>—") -> 7 | E7: =COUNTIFS(Permissions!$B$5:$B$500,$A7,Permissions!$H$5:$H$500,"<>—") -> 5 | F7: =COUNTIFS(Permissions!$B$5:$B$500,$A7,Permissions!$I$5:$I$500,"<>—") -> 5 | G7: =IF(COUNTIFS(Permissions!$B$5:$B$500,$A7,Permissions!$K$5:$K$500,"Yes")>0,"Yes","No") -> No
A8: Summaries | B8: =COUNTIF(Permissions!$B$5:$B$500,$A8) -> 4 | C8: =COUNTIFS(Permissions!$B$5:$B$500,$A8,Permissions!$F$5:$F$500,"<>—") -> 4 | D8: =COUNTIFS(Permissions!$B$5:$B$500,$A8,Permissions!$G$5:$G$500,"<>—") -> 1 | E8: =COUNTIFS(Permissions!$B$5:$B$500,$A8,Permissions!$H$5:$H$500,"<>—") -> 0 | F8: =COUNTIFS(Permissions!$B$5:$B$500,$A8,Permissions!$I$5:$I$500,"<>—") -> 0 | G8: =IF(COUNTIFS(Permissions!$B$5:$B$500,$A8,Permissions!$K$5:$K$500,"Yes")>0,"Yes","No") -> No
A9: Supervision | B9: =COUNTIF(Permissions!$B$5:$B$500,$A9) -> 7 | C9: =COUNTIFS(Permissions!$B$5:$B$500,$A9,Permissions!$F$5:$F$500,"<>—") -> 1 | D9: =COUNTIFS(Permissions!$B$5:$B$500,$A9,Permissions!$G$5:$G$500,"<>—") -> 6 | E9: =COUNTIFS(Permissions!$B$5:$B$500,$A9,Permissions!$H$5:$H$500,"<>—") -> 0 | F9: =COUNTIFS(Permissions!$B$5:$B$500,$A9,Permissions!$I$5:$I$500,"<>—") -> 0 | G9: =IF(COUNTIFS(Permissions!$B$5:$B$500,$A9,Permissions!$K$5:$K$500,"Yes")>0,"Yes","No") -> No
A10: Clients | B10: =COUNTIF(Permissions!$B$5:$B$500,$A10) -> 8 | C10: =COUNTIFS(Permissions!$B$5:$B$500,$A10,Permissions!$F$5:$F$500,"<>—") -> 1 | D10: =COUNTIFS(Permissions!$B$5:$B$500,$A10,Permissions!$G$5:$G$500,"<>—") -> 2 | E10: =COUNTIFS(Permissions!$B$5:$B$500,$A10,Permissions!$H$5:$H$500,"<>—") -> 8 | F10: =COUNTIFS(Permissions!$B$5:$B$500,$A10,Permissions!$I$5:$I$500,"<>—") -> 1 | G10: =IF(COUNTIFS(Permissions!$B$5:$B$500,$A10,Permissions!$K$5:$K$500,"Yes")>0,"Yes","No") -> No
A11: Assessments | B11: =COUNTIF(Permissions!$B$5:$B$500,$A11) -> 4 | C11: =COUNTIFS(Permissions!$B$5:$B$500,$A11,Permissions!$F$5:$F$500,"<>—") -> 2 | D11: =COUNTIFS(Permissions!$B$5:$B$500,$A11,Permissions!$G$5:$G$500,"<>—") -> 4 | E11: =COUNTIFS(Permissions!$B$5:$B$500,$A11,Permissions!$H$5:$H$500,"<>—") -> 1 | F11: =COUNTIFS(Permissions!$B$5:$B$500,$A11,Permissions!$I$5:$I$500,"<>—") -> 0 | G11: =IF(COUNTIFS(Permissions!$B$5:$B$500,$A11,Permissions!$K$5:$K$500,"Yes")>0,"Yes","No") -> No
A12: Consent | B12: =COUNTIF(Permissions!$B$5:$B$500,$A12) -> 4 | C12: =COUNTIFS(Permissions!$B$5:$B$500,$A12,Permissions!$F$5:$F$500,"<>—") -> 4 | D12: =COUNTIFS(Permissions!$B$5:$B$500,$A12,Permissions!$G$5:$G$500,"<>—") -> 1 | E12: =COUNTIFS(Permissions!$B$5:$B$500,$A12,Permissions!$H$5:$H$500,"<>—") -> 4 | F12: =COUNTIFS(Permissions!$B$5:$B$500,$A12,Permissions!$I$5:$I$500,"<>—") -> 0 | G12: =IF(COUNTIFS(Permissions!$B$5:$B$500,$A12,Permissions!$K$5:$K$500,"Yes")>0,"Yes","No") -> No
A13: Devices | B13: =COUNTIF(Permissions!$B$5:$B$500,$A13) -> 2 | C13: =COUNTIFS(Permissions!$B$5:$B$500,$A13,Permissions!$F$5:$F$500,"<>—") -> 1 | D13: =COUNTIFS(Permissions!$B$5:$B$500,$A13,Permissions!$G$5:$G$500,"<>—") -> 0 | E13: =COUNTIFS(Permissions!$B$5:$B$500,$A13,Permissions!$H$5:$H$500,"<>—") -> 2 | F13: =COUNTIFS(Permissions!$B$5:$B$500,$A13,Permissions!$I$5:$I$500,"<>—") -> 0 | G13: =IF(COUNTIFS(Permissions!$B$5:$B$500,$A13,Permissions!$K$5:$K$500,"Yes")>0,"Yes","No") -> No
A14: Reports | B14: =COUNTIF(Permissions!$B$5:$B$500,$A14) -> 4 | C14: =COUNTIFS(Permissions!$B$5:$B$500,$A14,Permissions!$F$5:$F$500,"<>—") -> 0 | D14: =COUNTIFS(Permissions!$B$5:$B$500,$A14,Permissions!$G$5:$G$500,"<>—") -> 2 | E14: =COUNTIFS(Permissions!$B$5:$B$500,$A14,Permissions!$H$5:$H$500,"<>—") -> 1 | F14: =COUNTIFS(Permissions!$B$5:$B$500,$A14,Permissions!$I$5:$I$500,"<>—") -> 0 | G14: =IF(COUNTIFS(Permissions!$B$5:$B$500,$A14,Permissions!$K$5:$K$500,"Yes")>0,"Yes","No") -> No
A15: Users & roles | B15: =COUNTIF(Permissions!$B$5:$B$500,$A15) -> 11 | C15: =COUNTIFS(Permissions!$B$5:$B$500,$A15,Permissions!$F$5:$F$500,"<>—") -> 0 | D15: =COUNTIFS(Permissions!$B$5:$B$500,$A15,Permissions!$G$5:$G$500,"<>—") -> 0 | E15: =COUNTIFS(Permissions!$B$5:$B$500,$A15,Permissions!$H$5:$H$500,"<>—") -> 11 | F15: =COUNTIFS(Permissions!$B$5:$B$500,$A15,Permissions!$I$5:$I$500,"<>—") -> 0 | G15: =IF(COUNTIFS(Permissions!$B$5:$B$500,$A15,Permissions!$K$5:$K$500,"Yes")>0,"Yes","No") -> Yes
A16: Clinic settings | B16: =COUNTIF(Permissions!$B$5:$B$500,$A16) -> 9 | C16: =COUNTIFS(Permissions!$B$5:$B$500,$A16,Permissions!$F$5:$F$500,"<>—") -> 0 | D16: =COUNTIFS(Permissions!$B$5:$B$500,$A16,Permissions!$G$5:$G$500,"<>—") -> 0 | E16: =COUNTIFS(Permissions!$B$5:$B$500,$A16,Permissions!$H$5:$H$500,"<>—") -> 9 | F16: =COUNTIFS(Permissions!$B$5:$B$500,$A16,Permissions!$I$5:$I$500,"<>—") -> 0 | G16: =IF(COUNTIFS(Permissions!$B$5:$B$500,$A16,Permissions!$K$5:$K$500,"Yes")>0,"Yes","No") -> Yes
... A18: Support access | B18: =COUNTIF(Permissions!$B$5:$B$500,$A18) -> 2 | C18: =COUNTIFS(Permissions!$B$5:$B$500,$A18,Permissions!$F$5:$F$500,"<>—") -> 0 | D18: =COUNTIFS(Permissions!$B$5:$B$500,$A18,Permissions!$G$5:$G$500,"<>—") -> 0 | E18: =COUNTIFS(Permissions!$B$5:$B$500,$A18,Permissions!$H$5:$H$500,"<>—") -> 2 | F18: =COUNTIFS(Permissions!$B$5:$B$500,$A18,Permissions!$I$5:$I$500,"<>—") -> 0 | G18: =IF(COUNTIFS(Permissions!$B$5:$B$500,$A18,Permissions!$K$5:$K$500,"Yes")>0,"Yes","No") -> No
A19: Total | B19: =SUM(B5:B18) -> 86 | C19: =SUM(C5:C18) -> 35 | D19: =SUM(D5:D18) -> 30 | E19: =SUM(E5:E18) -> 50 | F19: =SUM(F5:F18) -> 11

Sheet Open points
A1: Points to confirm
A2: Decisions needed before the permission list is final
A4: # | B4: Point | C4: Affects | D4: Suggestion
A5: 1 | B5: Does a Scheduler role exist, and who creates sessions: Scheduler or BCBA? | C5: SES-02, SES-03, Scheduler column | D5: Keep both able to create; final call by BEST
A6: 2 | B6: Who selects the assessment type at client setup? | C6: ASM-03 | D6: Supervisor (BCBA), with Org Admin as backup
A7: 3 | B7: Can supervisors approve clinical documentation, and which documents? | C7: SPV-06 | D7: Close open question Q-19
A8: 4 | B8: Add three new modules: Supervision, Devices, Support access? | C8: SPV, DEV, SUP rows | D8: Yes; they cover features already agreed
A9: 5 | B9: Should anyone download attachments, export reports or export the audit log? | C9: SES-19, RPT-04, AUD-02 | D9: Allow only for Org Admin, with password re-entry
A10: 6 | B10: Should supervisors watch a live session in progress? | C10: SES-20 | D10: Not in Phase 1
A11: 7 | B11: Who links devices to clients or sessions, and can the clinic see its device list? | C11: DEV-01, DEV-02 | D11: Org Admin manages; therapist links at session start
A12: 8 | B12: Extend password re-entry to archiving clients, editing users or roles, and support-access approval? | C12: CLI-04, USR-05, USR-10, SUP-01 | D12: Yes for SUP-01; optional for the others
A13: 9 | B13: Should approving support access count as admin access (mandatory MFA)? | C13: SUP-01 | D13: Yes
A14: 10 | B14: Replace this catalogue with Adithya’s RBAC list once received, or merge the two? | C14: All | D14: Merge: keep IDs, take role defaults from the RBAC list
A15: 11 | B15: FSD v0.3 sets permissions per module (None, View or Edit). That cannot express some defaults here, e.g. a supervisor who views sessions but also creates them. Switch the Create user and Create role screens to permission-level ticks grouped by module? | C15: FSD v0.3 S3, S4; all rows | D15: Yes: ticks per permission, with a module-level ‘select all’
A16: 12 | B16: FSD v0.3 gives the Org Admin no Sessions access, but the agreed Org Admin flow (D-014) has the Org Admin scheduling sessions. Allow scheduling only (SES-01 to SES-05), with no session content? | C16: SES-01 to SES-05; FSD v0.3 2.2 | D16: Yes: schedule only; session records stay hidden
